<mujoco model="cube">
  <asset>
    <texture file="../texture/boxtype.png" type="2d" name="boxtype1"/>
    <material name="box" reflectance="0.7" texrepeat="1 1" texture="boxtype1" texuniform="true"/>
  </asset>
  <worldbody>
    <body>
      <body name="collision" pos="0 -0.1 0.85" quat="1 0 0 0">
        <geom pos="0 0 0" type="box" size="0.03 0.03 0.03" solimp="0.998 0.998 0.001" solref="0.001 1" density="1000" friction="0.7 0.7 0.7" material="box" group="1" condim="4"/>
      </body>
    </body>
  </worldbody>
</mujoco>
